{
  "sticks": [
    {
      "name": "&8» &eStick",
      "material": "STICK",
      "permission": "none",
      "loreUnlocked": "&aUnlocked",
      "loreLocked": " "
    },
    {
      "name": "&8» &eBlaze Rod",
      "material": "BLAZE_ROD",
      "permission": "gadgets.vip",
      "loreUnlocked": "&aUnlocked",
      "loreLocked": "&cRequires &6VIP"
    },
    {
      "name": "&8» &eFeather",
      "material": "FEATHER",
      "permission": "gadgets.vip",
      "loreUnlocked": "&aUnlocked",
      "loreLocked": "&cRequires &6VIP"
    },
    {
      "name": "&8» &eArrow",
      "material": "ARROW",
      "permission": "gadgets.mvp",
      "loreUnlocked": "&aUnlocked",
      "loreLocked": "&cRequires &bMVP"
    },
    {
      "name": "&8» &eShears",
      "material": "SHEARS",
      "permission": "gadgets.mvp",
      "loreUnlocked": "&aUnlocked",
      "loreLocked": "&cRequires &bMVP"
    }
  ],
  "blocks": [
    {
      "name": "&8» &eSandstone",
      "material": "SANDSTONE",
      "permission": "none",
      "loreUnlocked": "&aUnlocked",
      "loreLocked": "&cRequires &6VIP"
    },
    {
      "name": "&8» &eGold Block",
      "material": "GOLD_BLOCK",
      "permission": "gadgets.vip",
      "loreUnlocked": "&aUnlocked",
      "loreLocked": "&cRequires &6VIP"
    },
    {
      "name": "&8» &eGlass",
      "material": "GLASS",
      "permission": "gadgets.vip",
      "loreUnlocked": "&aUnlocked",
      "loreLocked": "&cRequires &6VIP"
    },
    {
      "name": "&8» &eCobblestone",
      "material": "COBBLESTONE",
      "permission": "gadgets.mvp",
      "loreUnlocked": "&aUnlocked",
      "loreLocked": "&cRequires &bMVP"
    },
    {
      "name": "&8» &eNether Brick",
      "material": "NETHER_BRICKS",
      "permission": "gadgets.mvp",
      "loreUnlocked": "&aUnlocked",
      "loreLocked": "&cRequires &bMVP"
    }
  ]
}